id|title|description|url
1|Primer Mes|lorem ipsum|assets/images/1.JPG
2|Segundo Mes| lorem ipsum|assets/images/2.JPG
3|Tercer Mes| lorem ipsum|assets/images/3.JPG
4|Cuarto Mes|lorem ipsum|assets/images/4.jpg
5|Quinto Mes|lorem ipsum|assets/images/5.jpeg
6|Sexto Mes|lorem ipsum|assets/images/6.jpeg
7|Septimo Mes|lorem ipsum| assets/images/7.jpg
8|Octavo Mes|lorem ipsum| assets/images/8.jpg
9|Noveno Mes|lorem ipsum|assets/images/9.JPG
10|Decimo Mes|lorem ipsum|assets/images/10.JPG
11|Undecimo Mes|lorem ipsum|assets/images/11.JPG
12|Duodecimo Mes|lorem ipsum|assets/images/12.jpeg